scenario,requests,throughput,avg_latency
Single Node Baseline,1000,1902.3719416394229,0.027378597021102905
Distributed Cluster,1000,3145.742942278976,0.017730024814605713
Cache Heavy Writes,1000,611.5127223771628,0.13455541038513183
Cache Reads Mix,1000,2135.1132459564833,0.02589299988746643
Queue High Load,1000,1699.152672831894,0.02731820583343506
Lock Contention,1000,1374.6998183259702,0.031448440074920654
